"1","2018-05-10 05:14:54","m180510051454537_crop.png","stratocumulus","5755",
"2","2018-05-10 05:24:54","m180510052454964_crop.png","meerdere klasses","0","ac/as"
"3","2018-05-10 05:34:55","m180510053455320_crop.png","altocumulus","7755",
"4","2018-05-10 05:44:55","m180510054455686_crop.png","meerdere klasses","7125","strato- en altocumulus"
"5","2018-05-10 05:54:56","m180510055456121_crop.png","stratocumulus","0",
"6","2018-05-10 06:04:56","m180510060456565_crop.png","stratocumulus","1005",
"7","2018-05-10 06:14:56","m180510061456899_crop.png","stratocumulus","1055",
"8","2018-05-10 06:24:57","m180510062457293_crop.png","stratocumulus","0",
"9","2018-05-10 06:34:57","m180510063457717_crop.png","meerdere klasses","1075","cumulus, stratocumulus en altocumulus"
"10","2018-05-10 06:44:58","m180510064458102_crop.png","stratus","1205",
"11","2018-05-10 06:54:58","m180510065458476_crop.png","stratocumulus","0",
"12","2018-05-10 07:04:58","m180510070458930_crop.png","stratocumulus","1105",
"13","2018-05-10 07:14:59","m180510071459404_crop.png","stratocumulus","1025",
"14","2018-05-10 07:24:59","m180510072459748_crop.png","stratus","1005",
"15","2018-05-10 07:35:00","m180510073500172_crop.png","stratocumulus","1005",
"16","2018-05-10 07:45:00","m180510074500606_crop.png","stratocumulus","1025",
"17","2018-05-10 07:55:00","m180510075500969_crop.png","stratocumulus","0",
"18","2018-05-10 08:05:01","m180510080501323_crop.png","stratocumulus","1055",
"19","2018-05-10 08:15:01","m180510081501756_crop.png","stratocumulus","0",
"20","2018-05-10 08:25:02","m180510082502190_crop.png","stratocumulus","0",
"21","2018-05-10 08:35:02","m180510083502484_crop.png","stratocumulus","1005",
"22","2018-05-10 08:45:02","m180510084502887_crop.png","stratocumulus","0",
"23","2018-05-10 08:55:03","m180510085503331_crop.png","stratocumulus","0",
"24","2018-05-10 09:05:03","m180510090503725_crop.png","stratocumulus","1155",
"25","2018-05-10 09:15:04","m180510091504219_crop.png","stratocumulus","0",
"26","2018-05-10 09:25:04","m180510092504513_crop.png","stratocumulus","1355",
"27","2018-05-10 09:35:05","m180510093505026_crop.png","stratocumulus","1455",
"28","2018-05-10 09:45:05","m180510094505430_crop.png","stratocumulus","0",
"29","2018-05-10 09:55:05","m180510095505735_crop.png","meerdere klasses","0","sc/as of cs?"
"30","2018-05-10 10:05:06","m180510100506210_crop.png","meerdere klasses","1355","cu + as"
"31","2018-05-10 10:15:06","m180510101506565_crop.png","altocumulus","0",
"32","2018-05-10 10:25:07","m180510102507049_crop.png","altocumulus","27325",
"33","2018-05-10 10:35:07","m180510103507444_crop.png","cirrostratus","24075",
"34","2018-05-10 10:45:07","m180510104507768_crop.png","cirrostratus","0",
"35","2018-05-10 10:55:08","m180510105508192_crop.png","cirrostratus","23105",
"36","2018-05-10 11:05:08","m180510110508596_crop.png","cirrostratus","23255",
"37","2018-05-10 11:15:09","m180510111509050_crop.png","meerdere klasses","0","cu (l)/cs (r)"
"38","2018-05-10 11:25:09","m180510112509484_crop.png","cumulus","0",
"39","2018-05-10 11:35:09","m180510113509807_crop.png","cumulus","3005",
"40","2018-05-10 11:45:10","m180510114510291_crop.png","cumulus","0",
"41","2018-05-10 11:55:10","m180510115510586_crop.png","stratocumulus","0",
"42","2018-05-10 12:05:11","m180510120511060_crop.png","altocumulus","2925",
"43","2018-05-10 12:15:11","m180510121511484_crop.png","altocumulus","0",
"44","2018-05-10 12:25:11","m180510122511858_crop.png","altocumulus","0",
"45","2018-05-10 12:35:12","m180510123512211_crop.png","altocumulus","3205",
"46","2018-05-10 12:45:12","m180510124512595_crop.png","altocumulus","0",
"47","2018-05-10 12:55:12","m180510125512969_crop.png","meerdere klasses","0","cu/ac"
"48","2018-05-10 13:05:13","m180510130513493_crop.png","meerdere klasses","3455","cu+ac"
"49","2018-05-10 13:15:13","m180510131513857_crop.png","cumulus","0",
"50","2018-05-10 13:25:14","m180510132514279_crop.png","cumulus","0",
"51","2018-05-10 13:35:14","m180510133514583_crop.png","meerdere klasses","3625","cu+ac"
"52","2018-05-10 13:45:14","m180510134514997_crop.png","cumulus","0",
"53","2018-05-10 13:55:15","m180510135515460_crop.png","cumulus","0",
"54","2018-05-10 14:05:15","m180510140515894_crop.png","cumulus","3625",
"55","2018-05-10 14:15:16","m180510141516248_crop.png","cumulus","0",
"56","2018-05-10 14:25:16","m180510142516623_crop.png","cumulus","0",
"57","2018-05-10 14:35:17","m180510143517007_crop.png","cumulus","3155",
"58","2018-05-10 14:45:17","m180510144517412_crop.png","cumulus","0",
"59","2018-05-10 14:55:17","m180510145517857_crop.png","cumulus","0",
"60","2018-05-10 15:05:18","m180510150518322_crop.png","cumulus","0",
"61","2018-05-10 15:15:18","m180510151518607_crop.png","cumulus","0",
"62","2018-05-10 15:25:19","m180510152519012_crop.png","onbewolkt","0","toefje cu rechtsboven"
"63","2018-05-10 15:35:19","m180510153519378_crop.png","cumulus","0",
"64","2018-05-10 15:45:19","m180510154519902_crop.png","altocumulus","0",
"65","2018-05-10 15:55:20","m180510155520207_crop.png","stratocumulus","6375",
"66","2018-05-10 16:05:20","m180510160520622_crop.png","meerdere klasses","1805","cu+sc"
"67","2018-05-10 16:15:21","m180510161521017_crop.png","altocumulus","0",
"68","2018-05-10 16:25:21","m180510162521462_crop.png","meerdere klasses","0","cu/ac"
"69","2018-05-10 16:35:21","m180510163521847_crop.png","stratocumulus","1655",
"70","2018-05-10 16:45:22","m180510164522293_crop.png","cumulus","0",
"71","2018-05-10 16:55:22","m180510165522578_crop.png","cumulus","1855",
"72","2018-05-10 17:05:23","m180510170523033_crop.png","cumulus","1875",
"73","2018-05-10 17:15:23","m180510171523478_crop.png","cumulus","2405",
"74","2018-05-10 17:25:23","m180510172523844_crop.png","altocumulus","0",
"75","2018-05-10 17:35:24","m180510173524279_crop.png","stratocumulus","5775",
"76","2018-05-10 17:45:24","m180510174524744_crop.png","stratocumulus","0",
"77","2018-05-10 17:55:25","m180510175525069_crop.png","onbewolkt","0",
"78","2018-05-11 05:14:06","m180511051406394_crop.png","onbewolkt","0",
"79","2018-05-11 05:24:06","m180511052406767_crop.png","onbewolkt","0",
"80","2018-05-11 05:34:07","m180511053407160_crop.png","onbewolkt","0",
"81","2018-05-11 05:44:07","m180511054407644_crop.png","onbewolkt","37555",
"82","2018-05-11 05:54:08","m180511055408028_crop.png","onbewolkt","0",
"83","2018-05-11 06:04:08","m180511060408432_crop.png","onduidelijk","0",
"84","2018-05-11 06:14:08","m180511061408766_crop.png","onbewolkt","0",
"85","2018-05-11 06:24:09","m180511062409151_crop.png","onbewolkt","0",
"86","2018-05-11 06:34:09","m180511063409656_crop.png","onbewolkt","0",
"87","2018-05-11 06:44:10","m180511064410063_crop.png","onbewolkt","0",
"88","2018-05-11 06:54:10","m180511065410378_crop.png","onbewolkt","0",
"89","2018-05-11 07:04:10","m180511070410792_crop.png","onbewolkt","0",
"90","2018-05-11 07:14:11","m180511071411196_crop.png","onbewolkt","0",
"91","2018-05-11 07:24:11","m180511072411671_crop.png","onbewolkt","0",
"92","2018-05-11 07:34:12","m180511073412104_crop.png","onbewolkt","0","toefje cu"
"93","2018-05-11 07:44:12","m180511074412488_crop.png","meerdere klasses","0","onbewolkt met een 'toefje' cumulus aan de randen"
"94","2018-05-11 07:54:12","m180511075412802_crop.png","cumulus","0",
"95","2018-05-11 08:04:13","m180511080413175_crop.png","cumulus","1775",
"96","2018-05-11 08:14:13","m180511081413698_crop.png","cumulus","0",
"97","2018-05-11 08:24:14","m180511082414001_crop.png","cumulus","2025",
"98","2018-05-11 08:34:14","m180511083414374_crop.png","cumulus","2155",
"99","2018-05-11 08:44:14","m180511084414848_crop.png","meerdere klasses","2225","cumulus en cirrus"
"100","2018-05-11 08:54:15","m180511085415302_crop.png","meerdere klasses","2755","cumulus en cirrus"
"101","2018-05-11 09:04:15","m180511090415596_crop.png","meerdere klasses","3025","cu/ci"
"102","2018-05-11 09:14:16","m180511091416080_crop.png","meerdere klasses","2605","cumulus en cirrus"
"103","2018-05-11 09:24:16","m180511092416384_crop.png","meerdere klasses","0","cu/ci"
"104","2018-05-11 09:34:16","m180511093416818_crop.png","cirrus","3005",
"105","2018-05-11 09:44:17","m180511094417312_crop.png","cumulus","0",
"106","2018-05-11 09:54:17","m180511095417706_crop.png","cumulus","0",
"107","2018-05-11 10:04:18","m180511100418079_crop.png","cumulus","28355",
"108","2018-05-11 10:14:18","m180511101418393_crop.png","onduidelijk","0",
"109","2018-05-11 10:24:18","m180511102418857_crop.png","cirrocumulus","3305",
"110","2018-05-11 10:34:19","m180511103419281_crop.png","cirrus","35425",
"111","2018-05-11 10:44:19","m180511104419577_crop.png","cirrus","0","contrails"
"112","2018-05-11 10:54:19","m180511105419982_crop.png","cirrus","0","contrails"
"113","2018-05-11 11:04:20","m180511110420468_crop.png","cirrus","28805",
"114","2018-05-11 11:14:20","m180511111420953_crop.png","onduidelijk","0",
"115","2018-05-11 11:24:21","m180511112421238_crop.png","onduidelijk","0",
"116","2018-05-11 11:36:07","m180511113607085_crop.png","cumulus","0",
"117","2018-05-11 11:46:07","m180511114607520_crop.png","cumulus","0",
"118","2018-05-11 11:56:07","m180511115607845_crop.png","cumulus","0",
"119","2018-05-11 12:06:08","m180511120608319_crop.png","cumulus","0",
"120","2018-05-11 12:16:08","m180511121608745_crop.png","cumulus","0",
"121","2018-05-11 12:26:09","m180511122609050_crop.png","cumulus","0",
"122","2018-05-11 12:36:09","m180511123609475_crop.png","cumulus","3955",
"123","2018-05-11 12:46:09","m180511124609910_crop.png","cumulus","0",
"124","2018-05-11 12:56:10","m180511125610265_crop.png","cumulus","0",
"125","2018-05-11 13:06:10","m180511130610610_crop.png","cumulus","4155",
"126","2018-05-11 13:16:11","m180511131611134_crop.png","cumulus","0",
"127","2018-05-11 13:26:11","m180511132611849_crop.png","cumulus","0",
"128","2018-05-11 13:36:11","m180511133611944_crop.png","cumulus","4455",
"129","2018-05-11 13:46:12","m180511134612389_crop.png","cumulus","4375",
"130","2018-05-11 13:56:12","m180511135612754_crop.png","cumulus","0",
"131","2018-05-11 14:06:13","m180511140613059_crop.png","meerdere klasses","4725","onbewolkt; in de hoek cumulus"
"132","2018-05-11 14:16:13","m180511141613514_crop.png","cumulus","5355",
"133","2018-05-11 14:26:13","m180511142613969_crop.png","cumulus","0",
"134","2018-05-11 14:36:14","m180511143614343_crop.png","stratocumulus","5655",
"135","2018-05-11 14:46:14","m180511144614778_crop.png","stratocumulus","5705",
"136","2018-05-11 14:56:15","m180511145615152_crop.png","stratocumulus","0",
"137","2018-05-11 15:06:15","m180511150615536_crop.png","stratocumulus","5005",
"138","2018-05-11 15:16:15","m180511151615910_crop.png","stratocumulus","0",
"139","2018-05-11 15:26:16","m180511152616285_crop.png","altocumulus","0",
"140","2018-05-11 15:36:16","m180511153616639_crop.png","altocumulus","7675",
"141","2018-05-11 15:46:17","m180511154617153_crop.png","altocumulus","7325",
"142","2018-05-11 15:56:17","m180511155617477_crop.png","altocumulus","0",
"143","2018-05-11 16:06:17","m180511160617962_crop.png","cumulus","7805",
"144","2018-05-11 16:16:18","m180511161618276_crop.png","cumulus","0",
"145","2018-05-11 16:26:18","m180511162618680_crop.png","cumulus","0",
"146","2018-05-11 16:36:19","m180511163619165_crop.png","altocumulus","7375",
"147","2018-05-11 16:46:19","m180511164619519_crop.png","stratocumulus","5405",
"148","2018-05-11 16:56:19","m180511165619963_crop.png","stratocumulus","5475",
"149","2018-05-11 17:06:20","m180511170620298_crop.png","altocumulus","5375",
"150","2018-05-11 17:16:20","m180511171620732_crop.png","cumulus","5575",
"151","2018-05-11 17:26:21","m180511172621186_crop.png","altocumulus","0",
"152","2018-05-11 17:36:21","m180511173621560_crop.png","meerdere klasses","5455","cu/ci"
"153","2018-05-11 17:46:21","m180511174621884_crop.png","onduidelijk","0",
"154","2018-05-11 17:56:22","m180511175622269_crop.png","cumulus","0",
"155","2018-05-12 05:16:04","m180512051604387_crop.png","altocumulus","15725",
"156","2018-05-12 05:26:04","m180512052604722_crop.png","altocumulus","0",
"157","2018-05-12 05:36:05","m180512053605206_crop.png","cirrostratus","13975",
"158","2018-05-12 05:46:05","m180512054605519_crop.png","cirrostratus","13375",
"159","2018-05-12 05:56:06","m180512055606023_crop.png","cirrostratus","0",
"160","2018-05-12 06:06:06","m180512060606347_crop.png","cirrostratus","14275",
"161","2018-05-12 06:16:06","m180512061606741_crop.png","cirrostratus","0",
"162","2018-05-12 06:26:07","m180512062607134_crop.png","cirrostratus","0",
"163","2018-05-12 06:36:07","m180512063607538_crop.png","altocumulus","11775",
"164","2018-05-12 06:46:07","m180512064607952_crop.png","cirrus","10755",
"165","2018-05-12 06:56:08","m180512065608357_crop.png","cirrostratus","0",
"166","2018-05-12 07:06:08","m180512070608791_crop.png","cirrus","15775",
"167","2018-05-12 07:16:43","m180512071643167_crop.png","cirrostratus","0",
"168","2018-05-12 07:26:43","m180512072643562_crop.png","onduidelijk","15105",
"169","2018-05-12 07:36:43","m180512073643966_crop.png","cirrostratus","15525",
"170","2018-05-12 07:46:44","m180512074644361_crop.png","cirrostratus","0",
"171","2018-05-12 07:56:44","m180512075644756_crop.png","cirrostratus","0",
"172","2018-05-12 08:06:45","m180512080645210_crop.png","cirrostratus","9855",
"173","2018-05-12 08:16:45","m180512081645554_crop.png","altostratus","0",
"174","2018-05-12 08:26:46","m180512082646018_crop.png","altostratus","0",
"175","2018-05-12 08:36:46","m180512083646353_crop.png","cirrostratus","11055",
"176","2018-05-12 08:46:46","m180512084646738_crop.png","altostratus","0",
"177","2018-05-12 08:56:47","m180512085647173_crop.png","cirrostratus","0",
"178","2018-05-12 09:06:47","m180512090647730_crop.png","cirrostratus","11475",
"179","2018-05-12 09:16:48","m180512091648015_crop.png","cirrostratus","0",
"180","2018-05-12 09:26:48","m180512092648410_crop.png","altostratus","17905",
"181","2018-05-12 09:36:48","m180512093648805_crop.png","cirrostratus","14505",
"182","2018-05-12 09:46:49","m180512094649221_crop.png","cirrostratus","19575",
"183","2018-05-12 09:56:49","m180512095649667_crop.png","altocumulus","20305",
"184","2018-05-12 10:06:50","m180512100650053_crop.png","cirrostratus","21105",
"185","2018-05-12 10:16:50","m180512101650468_crop.png","cirrostratus","0",
"186","2018-05-12 10:26:50","m180512102650833_crop.png","cirrus","14555",
"187","2018-05-12 10:36:51","m180512103651219_crop.png","cirrus","20305",
"188","2018-05-12 10:46:51","m180512104651693_crop.png","cirrostratus","0",
"189","2018-05-12 10:56:52","m180512105652128_crop.png","cirrostratus","0",
"190","2018-05-12 11:06:52","m180512110652454_crop.png","meerdere klasses","14325","ac/cs"
"191","2018-05-12 11:16:52","m180512111652810_crop.png","meerdere klasses","0","ac/cc"
"192","2018-05-12 11:26:53","m180512112653216_crop.png","altocumulus","0",
"193","2018-05-12 11:36:53","m180512113653731_crop.png","altocumulus","14355",
"194","2018-05-12 11:46:54","m180512114654038_crop.png","altocumulus","0",
"195","2018-05-12 11:56:54","m180512115654393_crop.png","altocumulus","0",
"196","2018-05-12 12:06:54","m180512120654799_crop.png","altocumulus","14855",
"197","2018-05-12 12:16:55","m180512121655215_crop.png","onduidelijk","0",
"198","2018-05-12 12:26:55","m180512122655621_crop.png","altocumulus","12875",
"199","2018-05-12 12:36:56","m180512123656017_crop.png","altocumulus","12825",
"200","2018-05-12 12:46:56","m180512124656482_crop.png","altocumulus","0",
"201","2018-05-12 12:56:56","m180512125656828_crop.png","altocumulus","0",
"202","2018-05-12 13:06:57","m180512130657244_crop.png","altocumulus","12475",
"203","2018-05-12 13:16:57","m180512131657600_crop.png","meerdere klasses","0","ac/ci"
"204","2018-05-12 13:26:58","m180512132658096_crop.png","meerdere klasses","0","ac/ci"
"205","2018-05-12 13:36:58","m180512133658451_crop.png","meerdere klasses","13275","altocumulus en cirrus"
"206","2018-05-12 13:46:58","m180512134658847_crop.png","cirrus","0",
"207","2018-05-12 13:56:59","m180512135659243_crop.png","cirrus","0",
"208","2018-05-12 14:06:59","m180512140659669_crop.png","cirrus","12675",
"209","2018-05-12 14:17:00","m180512141700105_crop.png","cirrus","13125",
"210","2018-05-12 14:27:00","m180512142700510_crop.png","cirrostratus","0",
"211","2018-05-12 14:37:00","m180512143700857_crop.png","cirrostratus","27825",
"212","2018-05-12 14:47:01","m180512144701282_crop.png","cirrostratus","0",
"213","2018-05-12 14:57:01","m180512145701698_crop.png","cirrostratus","0",
"214","2018-05-12 15:07:02","m180512150702164_crop.png","altocumulus","16055",
"215","2018-05-12 15:17:02","m180512151702490_crop.png","cirrostratus","0",
"216","2018-05-12 15:27:02","m180512152702896_crop.png","cirrostratus","0",
"217","2018-05-12 15:37:03","m180512153703293_crop.png","cirrostratus","16505",
"218","2018-05-12 15:47:03","m180512154703679_crop.png","cirrostratus","0",
"219","2018-05-12 15:57:04","m180512155704095_crop.png","cirrus","16805",
"220","2018-05-12 16:07:05","m180512160705251_crop.png","cirrostratus","16825",
"221","2018-05-12 16:17:04","m180512161704886_crop.png","cirrostratus","16925",
"222","2018-05-12 16:27:05","m180512162705292_crop.png","cirrostratus","0",
"223","2018-05-12 16:37:05","m180512163705767_crop.png","altostratus","16625",
"224","2018-05-12 16:47:06","m180512164706092_crop.png","altostratus","0",
"225","2018-05-12 16:57:06","m180512165706496_crop.png","altostratus","0",
"226","2018-05-12 17:07:06","m180512170706850_crop.png","altocumulus","14575",
"227","2018-05-12 17:17:07","m180512171707284_crop.png","altostratus","0",
"228","2018-05-12 17:27:07","m180512172707639_crop.png","altostratus","0",
"229","2018-05-12 17:37:08","m180512173708103_crop.png","cirrostratus","14205",
"230","2018-05-12 17:47:08","m180512174708587_crop.png","cirrus","15905",
"231","2018-05-12 17:57:08","m180512175708931_crop.png","cirrostratus","0",
"232","2018-05-13 05:08:08","m180513050808149_crop.png","altocumulus","9655",
"233","2018-05-13 05:16:08","m180513051608396_crop.png","meerdere klasses","0","ac/as"
"234","2018-05-13 05:24:08","m180513052408803_crop.png","meerdere klasses","0","ac/as"
"235","2018-05-13 05:32:09","m180513053209069_crop.png","altocumulus","12125",
"236","2018-05-13 05:40:09","m180513054009506_crop.png","altocumulus","0","ac/as"
"237","2018-05-13 05:48:09","m180513054809653_crop.png","meerdere klasses","0","ac/as"
"238","2018-05-13 05:56:10","m180513055610019_crop.png","altostratus","0",
"239","2018-05-13 06:04:10","m180513060410515_crop.png","altocumulus","825",
"240","2018-05-13 06:12:10","m180513061210691_crop.png","stratocumulus","0",
"241","2018-05-13 06:20:11","m180513062011067_crop.png","onduidelijk","0",
"242","2018-05-13 06:28:11","m180513062811333_crop.png","altocumulus","725",
"243","2018-05-13 06:36:11","m180513063611699_crop.png","altocumulus","11555",
"244","2018-05-13 06:44:12","m180513064412015_crop.png","stratocumulus","0",
"245","2018-05-13 06:52:13","m180513065213150_crop.png","stratocumulus","0",
"246","2018-05-13 07:00:13","m180513070013446_crop.png","onduidelijk","1025",
"247","2018-05-13 07:08:13","m180513070813571_crop.png","onduidelijk","1355",
"248","2018-05-13 07:16:13","m180513071613887_crop.png","stratocumulus","0",
"249","2018-05-13 07:24:14","m180513072414123_crop.png","stratocumulus","0",
"250","2018-05-13 07:32:14","m180513073214451_crop.png","onduidelijk","6875","kan stratocumulus maar ook altocumulus zijn"
"251","2018-05-13 07:40:14","m180513074014750_crop.png","stratocumulus","0",
"252","2018-05-13 07:48:15","m180513074815178_crop.png","meerdere klasses","0","sc/as"
"253","2018-05-13 07:56:15","m180513075615396_crop.png","meerdere klasses","0","sc/ac/as"
"254","2018-05-13 08:04:15","m180513080415794_crop.png","stratocumulus","2625",
"255","2018-05-13 08:12:16","m180513081216133_crop.png","onduidelijk","3103","stratocumulus of altocumulus"
"256","2018-05-13 08:20:16","m180513082016421_crop.png","altocumulus","0",
"257","2018-05-13 08:28:31","m180513082831769_crop.png","stratus","855",
"258","2018-05-13 08:36:47","m180513083647146_crop.png","onduidelijk","905","ik vermoed ac"
"259","2018-05-13 08:45:35","m180513084535403_crop.png","meerdere klasses","0","sc/as"
"260","2018-05-13 08:53:35","m180513085335729_crop.png","stratocumulus","0",
"261","2018-05-13 09:01:36","m180513090136215_crop.png","meerdere klasses","1075","st/sc"
"262","2018-05-13 09:09:36","m180513090936442_crop.png","meerdere klasses","1075","cu/sc/ac"
"263","2018-05-13 09:17:36","m180513091736728_crop.png","meerdere klasses","0","sc/as"
"264","2018-05-13 09:25:37","m180513092537093_crop.png","meerdere klasses","0","sc/as"
"265","2018-05-13 09:33:37","m180513093337429_crop.png","meerdere klasses","1205","stratus en stratocumulus"
"266","2018-05-13 09:42:02","m180513094202466_crop.png","meerdere klasses","1305","Sc en daarboven Ac/As"
"267","2018-05-13 09:50:02","m180513095002503_crop.png","stratocumulus","0",
"268","2018-05-13 09:58:02","m180513095802589_crop.png","onduidelijk","0",
"269","2018-05-13 10:06:02","m180513100602705_crop.png","onduidelijk","3525",
"270","2018-05-13 10:14:02","m180513101402802_crop.png","meerdere klasses","0","ac/as"
"271","2018-05-13 10:22:03","m180513102203068_crop.png","stratocumulus","0",
"272","2018-05-13 10:30:03","m180513103003404_crop.png","stratocumulus","1605",
"273","2018-05-13 10:38:02","m180513103802241_crop.png","altocumulus","3425",
"274","2018-05-13 10:46:02","m180513104602318_crop.png","meerdere klasses","0","sc/as"
"275","2018-05-13 10:54:02","m180513105402364_crop.png","altocumulus","0",
"276","2018-05-13 11:02:02","m180513110202371_crop.png","onduidelijk","1575","sc/ac?"
"277","2018-05-13 11:10:01","m180513111001357_crop.png","altocumulus","0",
"278","2018-05-13 11:18:01","m180513111801473_crop.png","altocumulus","0",
"279","2018-05-13 11:26:01","m180513112601430_crop.png","meerdere klasses","0","sc/as"
"280","2018-05-13 11:34:01","m180513113401496_crop.png","altocumulus","7525",
"281","2018-05-13 11:42:01","m180513114201502_crop.png","meerdere klasses","0","sc/as"
"282","2018-05-13 11:50:01","m180513115001588_crop.png","altocumulus","0",
"283","2018-05-13 11:58:01","m180513115801584_crop.png","meerdere klasses","1405","Ac/As"
"284","2018-05-13 12:06:01","m180513120601680_crop.png","meerdere klasses","1355","sc/ac"
"285","2018-05-13 12:14:01","m180513121401646_crop.png","altocumulus","8655",
"286","2018-05-13 12:22:01","m180513122201782_crop.png","altocumulus","3275",
"287","2018-05-13 12:30:01","m180513123001888_crop.png","stratocumulus","3275",
"288","2018-05-13 12:38:02","m180513123802135_crop.png","stratocumulus","2675",
"289","2018-05-13 12:46:01","m180513124601891_crop.png","meerdere klasses","2025","strato- en altocumuls"
"290","2018-05-13 12:54:01","m180513125401928_crop.png","stratocumulus","1105",
"291","2018-05-13 13:02:01","m180513130201954_crop.png","altocumulus","3910",
"292","2018-05-13 13:10:02","m180513131002011_crop.png","altostratus","3910",
"293","2018-05-13 13:18:01","m180513131801978_crop.png","meerdere klasses","1305","stratocumulus en altostratus"
"294","2018-05-13 13:26:02","m180513132602016_crop.png","meerdere klasses","0","ac/as"
"295","2018-05-13 13:34:02","m180513133402065_crop.png","altocumulus","1255",
"296","2018-05-13 13:42:02","m180513134202244_crop.png","altocumulus","0",
"297","2018-05-13 13:50:02","m180513135002173_crop.png","meerdere klasses","0","ac/as"
"298","2018-05-13 13:58:02","m180513135802192_crop.png","meerdere klasses","1005","stratus/stratocumulus, daarboven altocumulus/altostratus"
"299","2018-05-13 14:06:02","m180513140602292_crop.png","meerdere klasses","4631","Sc, Ac/As"
"300","2018-05-13 14:14:02","m180513141402351_crop.png","stratocumulus","0",
"301","2018-05-13 14:22:02","m180513142202440_crop.png","stratocumulus","0",
"302","2018-05-13 14:30:02","m180513143002559_crop.png","meerdere klasses","955","cu/as"
"303","2018-05-13 14:38:02","m180513143802707_crop.png","stratus","905",
"304","2018-05-13 14:47:02","m180513144702294_crop.png","meerdere klasses","905","St + Sc"
"305","2018-05-13 14:55:02","m180513145502472_crop.png","meerdere klasses","1025","stratus en stratocumulus"
"306","2018-05-13 15:03:01","m180513150301609_crop.png","meerdere klasses","1075","sc/ac"
"307","2018-05-13 15:11:01","m180513151101636_crop.png","meerdere klasses","0","sc/as"
"308","2018-05-13 15:19:01","m180513151901552_crop.png","altocumulus","0",
"309","2018-05-13 15:27:01","m180513152701699_crop.png","meerdere klasses","0","sc/as"
"310","2018-05-13 15:35:01","m180513153501847_crop.png","stratocumulus","975",
"311","2018-05-13 15:43:01","m180513154301763_crop.png","stratus","0",
"312","2018-05-13 15:51:01","m180513155101780_crop.png","altocumulus","0",
"313","2018-05-13 15:59:01","m180513155901846_crop.png","stratus","0",
"314","2018-05-13 16:07:01","m180513160701931_crop.png","onduidelijk","1205","Stratus maar het kan net zo goed de hogere bewolking zijn die er boven zit"
"315","2018-05-13 16:15:02","m180513161502017_crop.png","stratocumulus","1105",
"316","2018-05-13 16:23:01","m180513162301973_crop.png","stratocumulus","0",
"317","2018-05-13 16:31:01","m180513163101999_crop.png","onduidelijk","1005",
"318","2018-05-13 16:39:02","m180513163902035_crop.png","stratocumulus","1005",
"319","2018-05-13 16:47:02","m180513164702101_crop.png","stratus","0",
"320","2018-05-13 16:55:02","m180513165502178_crop.png","stratocumulus","0",
"321","2018-05-13 17:03:02","m180513170302195_crop.png","meerdere klasses","975","st + sc"
"322","2018-05-13 17:11:02","m180513171102272_crop.png","altocumulus","0",
"323","2018-05-13 17:19:02","m180513171902318_crop.png","meerdere klasses","1005","stratus/stratocumulus, daarboven altocumulus/altostratus"
"324","2018-05-13 17:27:02","m180513172702345_crop.png","stratus","0",
"325","2018-05-13 17:35:01","m180513173501332_crop.png","onduidelijk","925","sc/ac?"
"326","2018-05-13 17:43:01","m180513174301359_crop.png","stratocumulus","1025",
"327","2018-05-13 17:51:01","m180513175101446_crop.png","meerdere klasses","825","St + Sc"
"328","2018-05-13 17:59:01","m180513175901513_crop.png","meerdere klasses","0","sc/ac/as"
"329","2018-05-13 18:07:01","m180513180701560_crop.png","stratocumulus","855",
"330","2018-05-14 05:07:02","m180514050702129_crop.png","stratus","75",
"331","2018-05-14 05:15:02","m180514051502185_crop.png","stratus","0",
"332","2018-05-14 05:23:02","m180514052302182_crop.png","stratus","0",
"333","2018-05-14 05:31:02","m180514053102568_crop.png","stratus","75",
"334","2018-05-14 05:39:02","m180514053902235_crop.png","stratus","75",
"335","2018-05-14 05:47:02","m180514054702272_crop.png","stratus","0",
"336","2018-05-14 05:55:02","m180514055502279_crop.png","stratus","0",
"337","2018-05-14 06:03:01","m180514060301336_crop.png","stratus","75",
"338","2018-05-14 06:11:01","m180514061101462_crop.png","stratus","0",
"339","2018-05-14 06:19:01","m180514061901879_crop.png","stratus","0",
"340","2018-05-14 06:27:01","m180514062701576_crop.png","stratus","0",
"341","2018-05-14 06:35:01","m180514063501553_crop.png","stratus","105",
"342","2018-05-14 06:43:01","m180514064301621_crop.png","stratus","175",
"343","2018-05-14 06:51:01","m180514065101619_crop.png","stratus","0",
"344","2018-05-14 06:59:01","m180514065901767_crop.png","stratus","0",
"345","2018-05-14 07:07:01","m180514070701775_crop.png","stratus","155",
"346","2018-05-14 07:15:16","m180514071516032_crop.png","stratus","0",
"347","2018-05-14 07:23:31","m180514072331529_crop.png","stratus","0",
"348","2018-05-14 07:31:31","m180514073131857_crop.png","stratus","255",
"349","2018-05-14 07:39:32","m180514073932125_crop.png","stratus","255",
"350","2018-05-14 07:48:02","m180514074802731_crop.png","stratus","0",
"351","2018-05-14 07:57:07","m180514075707928_crop.png","stratus","305",
"352","2018-05-14 08:05:08","m180514080508254_crop.png","stratus","325",
"353","2018-05-14 08:13:08","m180514081308500_crop.png","stratus","0",
"354","2018-05-14 08:21:08","m180514082108826_crop.png","stratus","425",
"355","2018-05-14 08:29:09","m180514082909152_crop.png","stratus","425",
"356","2018-05-14 08:37:09","m180514083709468_crop.png","stratus","525","oplossende mist "
"357","2018-05-14 08:45:09","m180514084509803_crop.png","stratus","0",
"358","2018-05-14 08:53:10","m180514085310119_crop.png","stratus","0",
"359","2018-05-14 09:01:10","m180514090110423_crop.png","stratus","725",
"360","2018-05-14 09:09:10","m180514090910818_crop.png","stratus","725",
"361","2018-05-14 09:17:11","m180514091711093_crop.png","stratus","0",
"362","2018-05-14 09:25:11","m180514092511398_crop.png","stratus","0",
"363","2018-05-14 09:33:11","m180514093311683_crop.png","stratus","905",
"364","2018-05-14 09:41:12","m180514094112008_crop.png","onduidelijk","1055",
"365","2018-05-14 09:49:13","m180514094913304_crop.png","onbewolkt","0",
"366","2018-05-14 09:57:13","m180514095713015_crop.png","onbewolkt","0",
"367","2018-05-14 10:05:13","m180514100513295_crop.png","onbewolkt","1655",
"368","2018-05-14 10:13:13","m180514101313682_crop.png","onbewolkt","0",
"369","2018-05-14 10:21:13","m180514102113979_crop.png","onbewolkt","36455",
"370","2018-05-14 10:29:14","m180514102914236_crop.png","onbewolkt","0",
"371","2018-05-14 10:37:14","m180514103714528_crop.png","onbewolkt","14405",
"372","2018-05-14 10:45:14","m180514104514856_crop.png","onbewolkt","0",
"373","2018-05-14 10:53:15","m180514105315166_crop.png","onbewolkt","0",
"374","2018-05-14 11:01:15","m180514110115809_crop.png","onbewolkt","0",
"375","2018-05-14 11:09:16","m180514110916052_crop.png","onbewolkt","0",
"376","2018-05-14 11:17:16","m180514111716137_crop.png","cirrus","31925",
"377","2018-05-14 11:25:16","m180514112516712_crop.png","cirrus","0",
"378","2018-05-14 11:33:16","m180514113316757_crop.png","cirrus","33625",
"379","2018-05-14 11:42:05","m180514114205907_crop.png","cirrus","0",
"380","2018-05-14 11:50:06","m180514115006238_crop.png","cirrus","35425",
"381","2018-05-14 11:58:06","m180514115806727_crop.png","cirrus","0",
"382","2018-05-14 12:06:06","m180514120606866_crop.png","cirrus","0",
"383","2018-05-14 12:14:07","m180514121407256_crop.png","cirrus","0",
"384","2018-05-14 12:22:07","m180514122207555_crop.png","onbewolkt","0",
"385","2018-05-14 12:30:07","m180514123007965_crop.png","cirrus","30275",
"386","2018-05-14 12:38:08","m180514123808174_crop.png","onbewolkt","16925",
"387","2018-05-14 12:46:08","m180514124608504_crop.png","onbewolkt","35825",
"388","2018-05-14 12:54:08","m180514125408864_crop.png","onbewolkt","35355",
"389","2018-05-14 13:02:09","m180514130209184_crop.png","cirrus","35075","'contrails' (=vliegtuigstrepen= cirrus als ze persistent zijn)"
"390","2018-05-14 13:10:09","m180514131009554_crop.png","onbewolkt","0",
"391","2018-05-14 13:18:09","m180514131809804_crop.png","onbewolkt","0",
"392","2018-05-14 13:26:10","m180514132610103_crop.png","cirrus","0",
"393","2018-05-14 13:34:10","m180514133410492_crop.png","onbewolkt","0",
"394","2018-05-14 13:42:10","m180514134210832_crop.png","onbewolkt","0",
"395","2018-05-14 13:50:11","m180514135011112_crop.png","onbewolkt","0",
"396","2018-05-14 13:58:11","m180514135811422_crop.png","onbewolkt","0",
"397","2018-05-14 14:06:11","m180514140611741_crop.png","onbewolkt","38375",
"398","2018-05-14 14:14:12","m180514141412441_crop.png","cumulus","0",
"399","2018-05-14 14:22:12","m180514142212861_crop.png","onbewolkt","0","met een toefje cu"
"400","2018-05-14 14:30:13","m180514143013412_crop.png","onbewolkt","26575",
"401","2018-05-14 14:38:13","m180514143813564_crop.png","cumulus","0",
"402","2018-05-14 14:46:13","m180514144613726_crop.png","cumulus","0",
"403","2018-05-14 14:54:14","m180514145414169_crop.png","cumulus","0",
"404","2018-05-14 15:02:14","m180514150214392_crop.png","cumulus","6525",
"405","2018-05-14 15:10:14","m180514151014886_crop.png","onduidelijk","6525",
"406","2018-05-14 15:18:15","m180514151815150_crop.png","onbewolkt","0",
"407","2018-05-14 15:26:15","m180514152615326_crop.png","cumulus","0",
"408","2018-05-14 15:34:31","m180514153431059_crop.png","onbewolkt","0",
"409","2018-05-14 15:42:31","m180514154231156_crop.png","onbewolkt","0",
"410","2018-05-14 15:50:31","m180514155031483_crop.png","onbewolkt","0",
"411","2018-05-14 15:58:31","m180514155831999_crop.png","onbewolkt","0",
"412","2018-05-14 16:06:49","m180514160649685_crop.png","cumulus","0",
"413","2018-05-14 16:14:50","m180514161450029_crop.png","cumulus","0",
"414","2018-05-14 16:22:50","m180514162250403_crop.png","cumulus","0",
"415","2018-05-14 16:30:50","m180514163050706_crop.png","cumulus","6905",
"416","2018-05-14 16:38:51","m180514163851308_crop.png","cumulus","6905",
"417","2018-05-14 16:46:51","m180514164651370_crop.png","cumulus","0",
"418","2018-05-14 16:54:51","m180514165451821_crop.png","onbewolkt","0",
"419","2018-05-14 17:02:52","m180514170252021_crop.png","cumulus","0",
"420","2018-05-14 17:10:52","m180514171052532_crop.png","cumulus","0",
"421","2018-05-14 17:18:52","m180514171852821_crop.png","cumulus","0",
"422","2018-05-14 17:26:53","m180514172653011_crop.png","cumulus","0",
"423","2018-05-14 17:34:53","m180514173453201_crop.png","onbewolkt","0",
"424","2018-05-14 17:42:53","m180514174253560_crop.png","onbewolkt","0",
"425","2018-05-14 17:50:53","m180514175053879_crop.png","onbewolkt","0",
"426","2018-05-14 17:58:54","m180514175854579_crop.png","onbewolkt","0",
"427","2018-05-14 18:06:55","m180514180655008_crop.png","onbewolkt","0",
"428","2018-05-15 05:05:52","m180515050552197_crop.png","altocumulus","7705",
"429","2018-05-15 05:15:52","m180515051552983_crop.png","altocumulus","0",
"430","2018-05-15 05:25:53","m180515052553019_crop.png","altocumulus","7855",
"431","2018-05-15 05:35:53","m180515053553754_crop.png","altocumulus","7875",
"432","2018-05-15 05:45:54","m180515054554120_crop.png","altocumulus","0",
"433","2018-05-15 05:55:54","m180515055554476_crop.png","altocumulus","7475",
"434","2018-05-15 06:05:54","m180515060554721_crop.png","altocumulus","7355",
"435","2018-05-15 06:15:55","m180515061555117_crop.png","altocumulus","0",
"436","2018-05-15 06:25:55","m180515062555542_crop.png","onbewolkt","0","links ac"
"437","2018-05-15 06:35:56","m180515063556117_crop.png","onbewolkt","0",
"438","2018-05-15 06:45:56","m180515064556383_crop.png","onbewolkt","0","maar altocumulus in de omgeving"
"439","2018-05-15 06:55:57","m180515065557009_crop.png","onbewolkt","0",
"440","2018-05-15 07:05:57","m180515070557095_crop.png","onbewolkt","0",
"441","2018-05-15 07:15:57","m180515071557731_crop.png","onbewolkt","0",
"442","2018-05-15 07:25:57","m180515072557997_crop.png","onbewolkt","0",
"443","2018-05-15 07:35:58","m180515073558623_crop.png","onbewolkt","0",
"444","2018-05-15 07:45:59","m180515074559019_crop.png","onbewolkt","0",
"445","2018-05-15 07:55:59","m180515075559147_crop.png","onbewolkt","0",
"446","2018-05-15 08:05:59","m180515080559516_crop.png","onbewolkt","0",
"447","2018-05-15 08:16:00","m180515081600023_crop.png","onbewolkt","0",
"448","2018-05-15 08:26:00","m180515082600571_crop.png","onbewolkt","0",
"449","2018-05-15 08:36:00","m180515083600923_crop.png","onbewolkt","0",
"450","2018-05-15 08:46:01","m180515084601162_crop.png","onbewolkt","0",
"451","2018-05-15 08:56:01","m180515085601780_crop.png","onbewolkt","0",
"452","2018-05-15 09:06:02","m180515090602249_crop.png","onbewolkt","0",
"453","2018-05-15 09:16:02","m180515091602738_crop.png","onbewolkt","0",
"454","2018-05-15 09:26:02","m180515092602796_crop.png","onbewolkt","0",
"455","2018-05-15 09:36:03","m180515093603184_crop.png","onbewolkt","0",
"456","2018-05-15 09:46:03","m180515094603952_crop.png","onbewolkt","0",
"457","2018-05-15 09:56:04","m180515095604370_crop.png","onbewolkt","0",
"458","2018-05-15 10:06:04","m180515100604678_crop.png","onbewolkt","24675",
"459","2018-05-15 10:16:05","m180515101605076_crop.png","onbewolkt","0",
"460","2018-05-15 10:26:05","m180515102605564_crop.png","onbewolkt","0",
"461","2018-05-15 10:36:05","m180515103605862_crop.png","altocumulus","0",
"462","2018-05-15 10:46:06","m180515104606111_crop.png","onbewolkt","0",
"463","2018-05-15 10:56:06","m180515105606449_crop.png","onbewolkt","0",
"464","2018-05-15 11:06:07","m180515110607158_crop.png","onbewolkt","0",
"465","2018-05-15 11:16:07","m180515111607357_crop.png","cirrus","0",
"466","2018-05-15 11:26:07","m180515112607665_crop.png","onbewolkt","0",
"467","2018-05-15 11:36:08","m180515113608044_crop.png","onduidelijk","0","in het midden is iets te zien; oplossende cu, zoals op loop te zien is"
"468","2018-05-15 11:46:08","m180515114608573_crop.png","onduidelijk","0","ci/cs?"
"469","2018-05-15 11:56:09","m180515115609072_crop.png","onduidelijk","0","ci/cs/ob?"
"470","2018-05-15 12:06:09","m180515120609611_crop.png","onduidelijk","39125","zou cs kunnen zijn gezien de hoogte die gedetecteerd wordt en het fish eye beeld"
"471","2018-05-15 12:16:09","m180515121609779_crop.png","cumulus","0",
"472","2018-05-15 12:26:10","m180515122610227_crop.png","cumulus","0",
"473","2018-05-15 12:36:10","m180515123610625_crop.png","cumulus","8055","fractocumulus"
"474","2018-05-15 12:46:11","m180515124611154_crop.png","cumulus","0",
"475","2018-05-15 12:56:11","m180515125611343_crop.png","cumulus","8125",
"476","2018-05-15 13:06:12","m180515130612042_crop.png","cumulus","0",
"477","2018-05-15 13:16:12","m180515131612194_crop.png","cumulus","0",
"478","2018-05-15 13:26:12","m180515132612644_crop.png","altocumulus","0",
"479","2018-05-15 13:36:13","m180515133613024_crop.png","cumulus","8175",
"480","2018-05-15 13:46:13","m180515134613415_crop.png","altocumulus","0",
"481","2018-05-15 13:56:13","m180515135613797_crop.png","altocumulus","7905",
"482","2018-05-15 14:06:14","m180515140614221_crop.png","altocumulus","8055",
"483","2018-05-15 14:16:15","m180515141615438_crop.png","altocumulus","0",
"484","2018-05-15 14:26:15","m180515142615802_crop.png","altocumulus","7305",
"485","2018-05-15 14:36:16","m180515143616236_crop.png","altocumulus","7675",
"486","2018-05-15 14:46:16","m180515144616607_crop.png","altocumulus","0",
"487","2018-05-15 14:56:16","m180515145616128_crop.png","cumulus","0",
"488","2018-05-15 15:06:16","m180515150616745_crop.png","altocumulus","7825",
"489","2018-05-15 15:16:17","m180515151617001_crop.png","altocumulus","0",
"490","2018-05-15 15:26:17","m180515152617398_crop.png","onduidelijk","0","op de foto zou ik zeggen cu, maar gezien de hoogte zou het ook ac kunnen zijn..."
"491","2018-05-15 15:36:17","m180515153617944_crop.png","altocumulus","7825",
"492","2018-05-15 15:46:18","m180515154618181_crop.png","onduidelijk","0",
"493","2018-05-15 15:56:18","m180515155618547_crop.png","onbewolkt","7705",
"494","2018-05-15 16:06:19","m180515160619033_crop.png","onbewolkt","0",
"495","2018-05-15 16:16:19","m180515161619698_crop.png","onbewolkt","0",
"496","2018-05-15 16:26:19","m180515162619905_crop.png","onbewolkt","0",
"497","2018-05-15 16:36:20","m180515163620320_crop.png","onbewolkt","0",
"498","2018-05-15 16:46:20","m180515164620617_crop.png","onbewolkt","0",
"499","2018-05-15 16:56:21","m180515165621333_crop.png","onbewolkt","0",
"500","2018-05-15 17:06:21","m180515170621729_crop.png","onbewolkt","0",
"501","2018-05-15 17:16:21","m180515171621916_crop.png","onbewolkt","0",
"502","2018-05-15 17:26:22","m180515172622322_crop.png","altocumulus","0",
"503","2018-05-15 17:36:22","m180515173622799_crop.png","onbewolkt","12725",
"504","2018-05-15 17:46:23","m180515174623075_crop.png","onbewolkt","0",
"505","2018-05-15 17:56:23","m180515175623521_crop.png","onbewolkt","0",
"506","2018-05-15 18:06:23","m180515180623948_crop.png","onbewolkt","0",
"507","2018-05-16 05:07:05","m180516050705088_crop.png","altocumulus","12575",
"508","2018-05-16 05:17:05","m180516051705254_crop.png","altocumulus","0",
"509","2018-05-16 05:27:05","m180516052705600_crop.png","altocumulus","0",
"510","2018-05-16 05:37:06","m180516053706197_crop.png","altocumulus","13025",
"511","2018-05-16 05:47:06","m180516054706603_crop.png","altocumulus","0",
"512","2018-05-16 05:57:07","m180516055707089_crop.png","altocumulus","0",
"513","2018-05-16 06:07:07","m180516060707496_crop.png","altocumulus","7955",
"514","2018-05-16 06:17:07","m180516061707673_crop.png","altocumulus","7775",
"515","2018-05-16 06:27:08","m180516062708240_crop.png","altocumulus","0",
"516","2018-05-16 06:37:08","m180516063708449_crop.png","altocumulus","7725",
"517","2018-05-16 06:47:09","m180516064709107_crop.png","altocumulus","0",
"518","2018-05-16 06:57:09","m180516065709274_crop.png","altocumulus","0",
"519","2018-05-16 07:07:09","m180516070709722_crop.png","altocumulus","8325",
"520","2018-05-16 07:17:10","m180516071710269_crop.png","altocumulus","0",
"521","2018-05-16 07:27:10","m180516072710425_crop.png","altocumulus","0",
"522","2018-05-16 07:37:11","m180516073711100_crop.png","altocumulus","7405",
"523","2018-05-16 07:47:11","m180516074711405_crop.png","altocumulus","9105",
"524","2018-05-16 07:57:12","m180516075712080_crop.png","altocumulus","0",
"525","2018-05-16 08:07:12","m180516080712135_crop.png","altocumulus","5505",
"526","2018-05-16 08:17:12","m180516081712621_crop.png","altocumulus","0",
"527","2018-05-16 08:27:12","m180516082712956_crop.png","altocumulus","0",
"528","2018-05-16 08:37:13","m180516083713421_crop.png","stratocumulus","10405",
"529","2018-05-16 08:47:13","m180516084713777_crop.png","altocumulus","0",
"530","2018-05-16 08:57:14","m180516085714392_crop.png","altocumulus","0",
"531","2018-05-16 09:07:14","m180516090714727_crop.png","altocumulus","10305",
"532","2018-05-16 09:17:15","m180516091715113_crop.png","altocumulus","0",
"533","2018-05-16 09:27:15","m180516092715578_crop.png","altocumulus","0",
"534","2018-05-16 09:37:15","m180516093715783_crop.png","altocumulus","10425",
"535","2018-05-16 09:47:16","m180516094716238_crop.png","meerdere klasses","11975","altocumumulus en cirrus"
"536","2018-05-16 09:57:16","m180516095716452_crop.png","altocumulus","0",
"537","2018-05-16 10:07:17","m180516100717067_crop.png","altocumulus","10955",
"538","2018-05-16 10:17:17","m180516101717462_crop.png","altocumulus","0",
"539","2018-05-16 10:27:17","m180516102717657_crop.png","altocumulus","11575",
"540","2018-05-16 10:37:18","m180516103718262_crop.png","altocumulus","8675",
"541","2018-05-16 10:47:18","m180516104718807_crop.png","altocumulus","0",
"542","2018-05-16 10:57:18","m180516105718993_crop.png","altocumulus","0",
"543","2018-05-16 11:07:19","m180516110719510_crop.png","altocumulus","17855",
"544","2018-05-16 11:17:20","m180516111720006_crop.png","altocumulus","0",
"545","2018-05-16 11:27:20","m180516112720365_crop.png","altocumulus","10805",
"546","2018-05-16 11:37:20","m180516113720712_crop.png","altocumulus","11255",
"547","2018-05-16 11:47:21","m180516114721139_crop.png","altocumulus","0",
"548","2018-05-16 11:57:21","m180516115721375_crop.png","altocumulus","0",
"549","2018-05-16 12:07:21","m180516120721729_crop.png","meerdere klasses","3025","cumulus met daarboven altocumulus"
"550","2018-05-16 12:17:22","m180516121722425_crop.png","meerdere klasses","0","cu/ac"
"551","2018-05-16 12:27:22","m180516122722701_crop.png","altocumulus","0",
"552","2018-05-16 12:37:23","m180516123723047_crop.png","meerdere klasses","2655","cu/ac"
"553","2018-05-16 12:47:23","m180516124723463_crop.png","meerdere klasses","0","cu/ac"
"554","2018-05-16 12:57:23","m180516125723920_crop.png","altocumulus","0",
"555","2018-05-16 13:07:24","m180516130724306_crop.png","altocumulus","13225",
"556","2018-05-16 13:17:24","m180516131724583_crop.png","altocumulus","0",
"557","2018-05-16 13:27:25","m180516132725268_crop.png","cumulus","0",
"558","2018-05-16 13:37:25","m180516133725564_crop.png","cumulus","40225",
"559","2018-05-16 13:47:25","m180516134725910_crop.png","altocumulus","0",
"560","2018-05-16 13:57:26","m180516135726457_crop.png","altocumulus","0",
"561","2018-05-16 14:07:26","m180516140726792_crop.png","altocumulus","0",
"562","2018-05-16 14:17:27","m180516141727247_crop.png","altocumulus","9755",
"563","2018-05-16 14:27:27","m180516142727473_crop.png","onduidelijk","10705",
"564","2018-05-16 14:37:27","m180516143727969_crop.png","meerdere klasses","8355","altocumulus met daarboven cirrus"
"565","2018-05-16 14:47:28","m180516144728395_crop.png","altocumulus","0",
"566","2018-05-16 14:57:29","m180516145729030_crop.png","altocumulus","0",
"567","2018-05-16 15:07:29","m180516150729206_crop.png","altocumulus","9425",
"568","2018-05-16 15:17:29","m180516151729542_crop.png","cumulus","0",
"569","2018-05-16 15:27:30","m180516152730118_crop.png","onduidelijk","0","ob/ci?"
"570","2018-05-16 15:37:30","m180516153730414_crop.png","onduidelijk","19255","cu, daarboven ci/cs?"
"571","2018-05-16 15:47:31","m180516154731091_crop.png","cumulus","0",
"572","2018-05-16 15:57:31","m180516155731387_crop.png","onbewolkt","0",
"573","2018-05-16 16:07:31","m180516160731874_crop.png","onbewolkt","2355",
"574","2018-05-16 16:17:32","m180516161732111_crop.png","cumulus","0",
"575","2018-05-16 16:27:32","m180516162732688_crop.png","altocumulus","2255",
"576","2018-05-16 16:37:33","m180516163733075_crop.png","altocumulus","2275",
"577","2018-05-16 16:47:33","m180516164733151_crop.png","stratocumulus","0",
"578","2018-05-16 16:57:33","m180516165733667_crop.png","stratocumulus","2125",
"579","2018-05-16 17:07:34","m180516170734004_crop.png","stratocumulus","1905",
"580","2018-05-16 17:17:34","m180516171734370_crop.png","stratocumulus","0",
"581","2018-05-16 17:27:34","m180516172734945_crop.png","stratocumulus","0",
"582","2018-05-16 17:37:35","m180516173735222_crop.png","stratocumulus","1655",
"583","2018-05-16 17:47:35","m180516174735790_crop.png","stratocumulus","0",
"584","2018-05-16 17:57:36","m180516175736067_crop.png","stratocumulus","0",
"585","2018-05-16 18:07:36","m180516180736434_crop.png","stratocumulus","1675",
"586","2018-05-17 05:07:46","m180517050746592_crop.png","cirrus","2275","+ contrails"
"587","2018-05-17 05:17:46","m180517051746700_crop.png","stratocumulus","2325",
"588","2018-05-17 05:27:47","m180517052747438_crop.png","meerdere klasses","0","ac/ci (contrails)"
"589","2018-05-17 05:37:47","m180517053747586_crop.png","stratocumulus","2375",
"590","2018-05-17 05:47:48","m180517054748173_crop.png","stratocumulus","0",
"591","2018-05-17 05:57:48","m180517055748551_crop.png","stratocumulus","0",
"592","2018-05-17 06:07:48","m180517060748979_crop.png","stratocumulus","2375",
"593","2018-05-17 06:17:49","m180517061749116_crop.png","meerdere klasses","0","sc/ci"
"594","2018-05-17 06:27:49","m180517062749764_crop.png","meerdere klasses","0","sc/ci"
"595","2018-05-17 06:37:49","m180517063749963_crop.png","stratocumulus","2225",
"596","2018-05-17 06:47:50","m180517064750461_crop.png","stratocumulus","0",
"597","2018-05-17 06:57:51","m180517065751069_crop.png","stratocumulus","0",
"598","2018-05-17 07:07:51","m180517070751427_crop.png","stratocumulus","2205",
"599","2018-05-17 07:17:51","m180517071751585_crop.png","meerdere klasses","0","sc/ci"
"600","2018-05-17 07:27:52","m180517072752084_crop.png","stratocumulus","2275",
"601","2018-05-17 07:37:52","m180517073752371_crop.png","stratocumulus","2305",
"602","2018-05-17 07:47:53","m180517074753028_crop.png","meerdere klasses","2375","cumulus en daarboven cirrus"
"603","2018-05-17 07:57:53","m180517075753414_crop.png","cumulus","0",
"604","2018-05-17 08:07:53","m180517080753710_crop.png","stratocumulus","2505",
"605","2018-05-17 08:17:54","m180517081754136_crop.png","cumulus","0",
"606","2018-05-17 08:27:54","m180517082754552_crop.png","meerdere klasses","0","cu/ci"
"607","2018-05-17 08:37:54","m180517083754828_crop.png","stratocumulus","2555",
"608","2018-05-17 08:47:55","m180517084755584_crop.png","cirrus","0",
"609","2018-05-17 08:59:11","m180517085911560_crop.png","cirrus","0",
"610","2018-05-17 09:09:12","m180517090912156_crop.png","cirrus","0",
"611","2018-05-17 09:19:12","m180517091912401_crop.png","cirrus","0",
"612","2018-05-17 09:29:12","m180517092912936_crop.png","meerdere klasses","2875","Cu + Ci"
"613","2018-05-17 09:39:13","m180517093913231_crop.png","meerdere klasses","15605","cu/ci"
"614","2018-05-17 09:49:13","m180517094913466_crop.png","meerdere klasses","0","cu/ci"
"615","2018-05-17 09:59:13","m180517095913921_crop.png","meerdere klasses","0","cu/ci"
"616","2018-05-17 10:09:14","m180517100914296_crop.png","cirrus","3425",
"617","2018-05-17 10:19:14","m180517101914651_crop.png","meerdere klasses","0","cu/ci"
"618","2018-05-17 10:29:15","m180517102915097_crop.png","cirrus","0",
"619","2018-05-17 10:39:15","m180517103915666_crop.png","meerdere klasses","3275","cu/ci"
"620","2018-05-17 10:49:15","m180517104915974_crop.png","meerdere klasses","3305","Cu + Ci"
"621","2018-05-17 10:59:16","m180517105916599_crop.png","cirrus","0",
"622","2018-05-17 11:09:16","m180517110916854_crop.png","cirrus","3425",
"623","2018-05-17 11:19:17","m180517111917209_crop.png","meerdere klasses","0","cu/ci"
"624","2018-05-17 11:29:17","m180517112917614_crop.png","meerdere klasses","0","cu/ci"
"625","2018-05-17 11:39:17","m180517113917929_crop.png","cirrus","3555",
"626","2018-05-17 11:49:18","m180517114918335_crop.png","meerdere klasses","3475","cumulus, daarboven cirrus"
"627","2018-05-17 12:01:49","m180517120149682_crop.png","meerdere klasses","3525","cu/ci"
"628","2018-05-17 12:11:50","m180517121150248_crop.png","cirrus","3325",
"629","2018-05-17 12:21:50","m180517122150744_crop.png","cirrus","0","overheersend ci; links nog een toefje cu"
"630","2018-05-17 12:31:50","m180517123150869_crop.png","onduidelijk","3305",
"631","2018-05-17 12:41:51","m180517124151195_crop.png","cirrus","3255",
"632","2018-05-17 12:51:51","m180517125151821_crop.png","onduidelijk","0",
"633","2018-05-17 13:01:52","m180517130152057_crop.png","cumulus","3425",
"634","2018-05-17 13:11:52","m180517131152563_crop.png","cirrus","0",
"635","2018-05-17 13:21:53","m180517132153189_crop.png","cirrus","3325",
"636","2018-05-17 13:31:53","m180517133153476_crop.png","cirrus","3375",
"637","2018-05-17 13:41:53","m180517134153853_crop.png","cirrus","0",
"638","2018-05-17 13:51:54","m180517135154369_crop.png","cirrus","0",
"639","2018-05-17 14:01:54","m180517140154496_crop.png","meerdere klasses","37825","cu + ci"
"640","2018-05-17 14:11:55","m180517141155102_crop.png","cirrus","0",
"641","2018-05-17 14:21:55","m180517142155658_crop.png","cirrus","0",
"642","2018-05-17 14:31:55","m180517143155823_crop.png","cirrus","31005",
"643","2018-05-17 14:41:56","m180517144156349_crop.png","cirrostratus","0",
"644","2018-05-17 14:51:56","m180517145156645_crop.png","cirrostratus","0",
"645","2018-05-17 15:01:57","m180517150157151_crop.png","cirrus","0",
"646","2018-05-17 15:11:57","m180517151157558_crop.png","cirrus","0","contrails"
"647","2018-05-17 15:21:57","m180517152157804_crop.png","meerdere klasses","0","ci en cc(a.g.v. contrails)"
"648","2018-05-17 15:31:58","m180517153158151_crop.png","cirrus","25105",
"649","2018-05-17 15:41:58","m180517154158547_crop.png","cirrus","0",
"650","2018-05-17 15:51:59","m180517155159114_crop.png","cirrus","0",
"651","2018-05-17 16:01:59","m180517160159450_crop.png","cirrus","0",
"652","2018-05-17 16:12:00","m180517161200127_crop.png","cirrus","0",
"653","2018-05-17 16:22:00","m180517162200254_crop.png","onbewolkt","0",
"654","2018-05-17 16:32:00","m180517163200781_crop.png","cirrus","0",
"655","2018-05-17 16:42:00","m180517164200997_crop.png","cirrus","0",
"656","2018-05-17 16:52:01","m180517165201444_crop.png","onbewolkt","0",
"657","2018-05-17 17:02:02","m180517170202021_crop.png","cirrus","0",
"658","2018-05-17 17:12:02","m180517171202208_crop.png","onbewolkt","0",
"659","2018-05-17 17:22:02","m180517172202735_crop.png","onbewolkt","0",
"660","2018-05-17 17:32:03","m180517173203352_crop.png","cirrus","0",
"661","2018-05-17 17:42:03","m180517174203608_crop.png","onbewolkt","0",
"662","2018-05-17 17:52:04","m180517175204193_crop.png","cirrus","0",
"663","2018-05-17 18:02:04","m180517180204260_crop.png","altocumulus","0",
"664","2018-05-17 18:12:04","m180517181204627_crop.png","cirrus","0",
"665","2018-05-18 05:03:14","m180518050314993_crop.png","stratocumulus","2005",
"666","2018-05-18 05:13:15","m180518051315420_crop.png","stratocumulus","1955",
"667","2018-05-18 05:23:16","m180518052316128_crop.png","stratocumulus","0",
"668","2018-05-18 05:33:16","m180518053316986_crop.png","stratocumulus","2025",
"669","2018-05-18 05:43:16","m180518054316905_crop.png","stratocumulus","0",
"670","2018-05-18 05:53:17","m180518055317233_crop.png","stratocumulus","2075",
"671","2018-05-18 06:03:17","m180518060317622_crop.png","stratocumulus","2075",
"672","2018-05-18 06:13:17","m180518061317870_crop.png","stratocumulus","0",
"673","2018-05-18 06:23:18","m180518062318218_crop.png","stratocumulus","0",
"674","2018-05-18 06:33:18","m180518063318705_crop.png","stratocumulus","2105",
"675","2018-05-18 06:43:19","m180518064319082_crop.png","stratocumulus","2155",
"676","2018-05-18 06:53:19","m180518065319719_crop.png","stratocumulus","2175",
"677","2018-05-18 07:03:19","m180518070319976_crop.png","stratocumulus","2255",
